id	map map id	map map name	hsa map id	hsa map name	cel map id	cel map name	mmu map id	mmu map name	dme map id	dme map name
00010	map00010	Glycolysis / Gluconeogenesis	hsa00010	Glycolysis / Gluconeogenesis - Homo sapiens (human)	cel00010	Glycolysis / Gluconeogenesis - Caenorhabditis elegans (nematode)	mmu00010	Glycolysis / Gluconeogenesis - Mus musculus (mouse)	dme00010	Glycolysis / Gluconeogenesis - Drosophila melanogaster (fruit fly)
00020	map00020	Citrate cycle (TCA cycle)	hsa00020	Citrate cycle (TCA cycle) - Homo sapiens (human)	cel00020	Citrate cycle (TCA cycle) - Caenorhabditis elegans (nematode)	mmu00020	Citrate cycle (TCA cycle) - Mus musculus (mouse)	dme00020	Citrate cycle (TCA cycle) - Drosophila melanogaster (fruit fly)
00030	map00030	Pentose phosphate pathway	hsa00030	Pentose phosphate pathway - Homo sapiens (human)	cel00030	Pentose phosphate pathway - Caenorhabditis elegans (nematode)	mmu00030	Pentose phosphate pathway - Mus musculus (mouse)	dme00030	Pentose phosphate pathway - Drosophila melanogaster (fruit fly)
00040	map00040	Pentose and glucuronate interconversions	hsa00040	Pentose and glucuronate interconversions - Homo sapiens (human)	cel00040	Pentose and glucuronate interconversions - Caenorhabditis elegans (nematode)	mmu00040	Pentose and glucuronate interconversions - Mus musculus (mouse)	dme00040	Pentose and glucuronate interconversions - Drosophila melanogaster (fruit fly)
00051	map00051	Fructose and mannose metabolism	hsa00051	Fructose and mannose metabolism - Homo sapiens (human)	cel00051	Fructose and mannose metabolism - Caenorhabditis elegans (nematode)	mmu00051	Fructose and mannose metabolism - Mus musculus (mouse)	dme00051	Fructose and mannose metabolism - Drosophila melanogaster (fruit fly)
00052	map00052	Galactose metabolism	hsa00052	Galactose metabolism - Homo sapiens (human)	cel00052	Galactose metabolism - Caenorhabditis elegans (nematode)	mmu00052	Galactose metabolism - Mus musculus (mouse)	dme00052	Galactose metabolism - Drosophila melanogaster (fruit fly)
00053	map00053	Ascorbate and aldarate metabolism	hsa00053	Ascorbate and aldarate metabolism - Homo sapiens (human)	cel00053	Ascorbate and aldarate metabolism - Caenorhabditis elegans (nematode)	mmu00053	Ascorbate and aldarate metabolism - Mus musculus (mouse)	dme00053	Ascorbate and aldarate metabolism - Drosophila melanogaster (fruit fly)
00061	map00061	Fatty acid biosynthesis	hsa00061	Fatty acid biosynthesis - Homo sapiens (human)	cel00061	Fatty acid biosynthesis - Caenorhabditis elegans (nematode)	mmu00061	Fatty acid biosynthesis - Mus musculus (mouse)	dme00061	Fatty acid biosynthesis - Drosophila melanogaster (fruit fly)
00062	map00062	Fatty acid elongation	hsa00062	Fatty acid elongation - Homo sapiens (human)	cel00062	Fatty acid elongation - Caenorhabditis elegans (nematode)	mmu00062	Fatty acid elongation - Mus musculus (mouse)	dme00062	Fatty acid elongation - Drosophila melanogaster (fruit fly)
00071	map00071	Fatty acid degradation	hsa00071	Fatty acid degradation - Homo sapiens (human)	cel00071	Fatty acid degradation - Caenorhabditis elegans (nematode)	mmu00071	Fatty acid degradation - Mus musculus (mouse)	dme00071	Fatty acid degradation - Drosophila melanogaster (fruit fly)
00072	map00072	Synthesis and degradation of ketone bodies	hsa00072	Synthesis and degradation of ketone bodies - Homo sapiens (human)	cel00072	Synthesis and degradation of ketone bodies - Caenorhabditis elegans (nematode)	mmu00072	Synthesis and degradation of ketone bodies - Mus musculus (mouse)	dme00072	Synthesis and degradation of ketone bodies - Drosophila melanogaster (fruit fly)
00073	map00073	Cutin, suberine and wax biosynthesis								
00100	map00100	Steroid biosynthesis	hsa00100	Steroid biosynthesis - Homo sapiens (human)	cel00100	Steroid biosynthesis - Caenorhabditis elegans (nematode)	mmu00100	Steroid biosynthesis - Mus musculus (mouse)	dme00100	Steroid biosynthesis - Drosophila melanogaster (fruit fly)
00120	map00120	Primary bile acid biosynthesis	hsa00120	Primary bile acid biosynthesis - Homo sapiens (human)			mmu00120	Primary bile acid biosynthesis - Mus musculus (mouse)		
00121	map00121	Secondary bile acid biosynthesis								
00130	map00130	Ubiquinone and other terpenoid-quinone biosynthesis	hsa00130	Ubiquinone and other terpenoid-quinone biosynthesis - Homo sapiens (human)	cel00130	Ubiquinone and other terpenoid-quinone biosynthesis - Caenorhabditis elegans (nematode)	mmu00130	Ubiquinone and other terpenoid-quinone biosynthesis - Mus musculus (mouse)	dme00130	Ubiquinone and other terpenoid-quinone biosynthesis - Drosophila melanogaster (fruit fly)
00140	map00140	Steroid hormone biosynthesis	hsa00140	Steroid hormone biosynthesis - Homo sapiens (human)			mmu00140	Steroid hormone biosynthesis - Mus musculus (mouse)		
00190	map00190	Oxidative phosphorylation	hsa00190	Oxidative phosphorylation - Homo sapiens (human)	cel00190	Oxidative phosphorylation - Caenorhabditis elegans (nematode)	mmu00190	Oxidative phosphorylation - Mus musculus (mouse)	dme00190	Oxidative phosphorylation - Drosophila melanogaster (fruit fly)
00195	map00195	Photosynthesis								
00196	map00196	Photosynthesis - antenna proteins								
00220	map00220	Arginine biosynthesis	hsa00220	Arginine biosynthesis - Homo sapiens (human)	cel00220	Arginine biosynthesis - Caenorhabditis elegans (nematode)	mmu00220	Arginine biosynthesis - Mus musculus (mouse)	dme00220	Arginine biosynthesis - Drosophila melanogaster (fruit fly)
00230	map00230	Purine metabolism	hsa00230	Purine metabolism - Homo sapiens (human)	cel00230	Purine metabolism - Caenorhabditis elegans (nematode)	mmu00230	Purine metabolism - Mus musculus (mouse)	dme00230	Purine metabolism - Drosophila melanogaster (fruit fly)
00232	map00232	Caffeine metabolism	hsa00232	Caffeine metabolism - Homo sapiens (human)	cel00232	Caffeine metabolism - Caenorhabditis elegans (nematode)	mmu00232	Caffeine metabolism - Mus musculus (mouse)	dme00232	Caffeine metabolism - Drosophila melanogaster (fruit fly)
00240	map00240	Pyrimidine metabolism	hsa00240	Pyrimidine metabolism - Homo sapiens (human)	cel00240	Pyrimidine metabolism - Caenorhabditis elegans (nematode)	mmu00240	Pyrimidine metabolism - Mus musculus (mouse)	dme00240	Pyrimidine metabolism - Drosophila melanogaster (fruit fly)
00250	map00250	Alanine, aspartate and glutamate metabolism	hsa00250	Alanine, aspartate and glutamate metabolism - Homo sapiens (human)	cel00250	Alanine, aspartate and glutamate metabolism - Caenorhabditis elegans (nematode)	mmu00250	Alanine, aspartate and glutamate metabolism - Mus musculus (mouse)	dme00250	Alanine, aspartate and glutamate metabolism - Drosophila melanogaster (fruit fly)
00253	map00253	Tetracycline biosynthesis								
00254	map00254	Aflatoxin biosynthesis								
00260	map00260	Glycine, serine and threonine metabolism	hsa00260	Glycine, serine and threonine metabolism - Homo sapiens (human)	cel00260	Glycine, serine and threonine metabolism - Caenorhabditis elegans (nematode)	mmu00260	Glycine, serine and threonine metabolism - Mus musculus (mouse)	dme00260	Glycine, serine and threonine metabolism - Drosophila melanogaster (fruit fly)
00261	map00261	Monobactam biosynthesis								
00270	map00270	Cysteine and methionine metabolism	hsa00270	Cysteine and methionine metabolism - Homo sapiens (human)	cel00270	Cysteine and methionine metabolism - Caenorhabditis elegans (nematode)	mmu00270	Cysteine and methionine metabolism - Mus musculus (mouse)	dme00270	Cysteine and methionine metabolism - Drosophila melanogaster (fruit fly)
00280	map00280	Valine, leucine and isoleucine degradation	hsa00280	Valine, leucine and isoleucine degradation - Homo sapiens (human)	cel00280	Valine, leucine and isoleucine degradation - Caenorhabditis elegans (nematode)	mmu00280	Valine, leucine and isoleucine degradation - Mus musculus (mouse)	dme00280	Valine, leucine and isoleucine degradation - Drosophila melanogaster (fruit fly)
00281	map00281	Geraniol degradation								
00290	map00290	Valine, leucine and isoleucine biosynthesis	hsa00290	Valine, leucine and isoleucine biosynthesis - Homo sapiens (human)	cel00290	Valine, leucine and isoleucine biosynthesis - Caenorhabditis elegans (nematode)	mmu00290	Valine, leucine and isoleucine biosynthesis - Mus musculus (mouse)	dme00290	Valine, leucine and isoleucine biosynthesis - Drosophila melanogaster (fruit fly)
00300	map00300	Lysine biosynthesis								
00310	map00310	Lysine degradation	hsa00310	Lysine degradation - Homo sapiens (human)	cel00310	Lysine degradation - Caenorhabditis elegans (nematode)	mmu00310	Lysine degradation - Mus musculus (mouse)	dme00310	Lysine degradation - Drosophila melanogaster (fruit fly)
00311	map00311	Penicillin and cephalosporin biosynthesis								
00330	map00330	Arginine and proline metabolism	hsa00330	Arginine and proline metabolism - Homo sapiens (human)	cel00330	Arginine and proline metabolism - Caenorhabditis elegans (nematode)	mmu00330	Arginine and proline metabolism - Mus musculus (mouse)	dme00330	Arginine and proline metabolism - Drosophila melanogaster (fruit fly)
00331	map00331	Clavulanic acid biosynthesis								
00332	map00332	Carbapenem biosynthesis								
00333	map00333	Prodigiosin biosynthesis								
00340	map00340	Histidine metabolism	hsa00340	Histidine metabolism - Homo sapiens (human)	cel00340	Histidine metabolism - Caenorhabditis elegans (nematode)	mmu00340	Histidine metabolism - Mus musculus (mouse)	dme00340	Histidine metabolism - Drosophila melanogaster (fruit fly)
00350	map00350	Tyrosine metabolism	hsa00350	Tyrosine metabolism - Homo sapiens (human)	cel00350	Tyrosine metabolism - Caenorhabditis elegans (nematode)	mmu00350	Tyrosine metabolism - Mus musculus (mouse)	dme00350	Tyrosine metabolism - Drosophila melanogaster (fruit fly)
00360	map00360	Phenylalanine metabolism	hsa00360	Phenylalanine metabolism - Homo sapiens (human)	cel00360	Phenylalanine metabolism - Caenorhabditis elegans (nematode)	mmu00360	Phenylalanine metabolism - Mus musculus (mouse)	dme00360	Phenylalanine metabolism - Drosophila melanogaster (fruit fly)
00361	map00361	Chlorocyclohexane and chlorobenzene degradation								
00362	map00362	Benzoate degradation								
00363	map00363	Bisphenol degradation								
00364	map00364	Fluorobenzoate degradation								
00365	map00365	Furfural degradation								
00380	map00380	Tryptophan metabolism	hsa00380	Tryptophan metabolism - Homo sapiens (human)	cel00380	Tryptophan metabolism - Caenorhabditis elegans (nematode)	mmu00380	Tryptophan metabolism - Mus musculus (mouse)	dme00380	Tryptophan metabolism - Drosophila melanogaster (fruit fly)
00400	map00400	Phenylalanine, tyrosine and tryptophan biosynthesis	hsa00400	Phenylalanine, tyrosine and tryptophan biosynthesis - Homo sapiens (human)	cel00400	Phenylalanine, tyrosine and tryptophan biosynthesis - Caenorhabditis elegans (nematode)	mmu00400	Phenylalanine, tyrosine and tryptophan biosynthesis - Mus musculus (mouse)	dme00400	Phenylalanine, tyrosine and tryptophan biosynthesis - Drosophila melanogaster (fruit fly)
00401	map00401	Novobiocin biosynthesis								
00402	map00402	Benzoxazinoid biosynthesis								
00403	map00403	Indole diterpene alkaloid biosynthesis								
00404	map00404	Staurosporine biosynthesis								
00405	map00405	Phenazine biosynthesis								
00410	map00410	beta-Alanine metabolism	hsa00410	beta-Alanine metabolism - Homo sapiens (human)	cel00410	beta-Alanine metabolism - Caenorhabditis elegans (nematode)	mmu00410	beta-Alanine metabolism - Mus musculus (mouse)	dme00410	beta-Alanine metabolism - Drosophila melanogaster (fruit fly)
00430	map00430	Taurine and hypotaurine metabolism	hsa00430	Taurine and hypotaurine metabolism - Homo sapiens (human)	cel00430	Taurine and hypotaurine metabolism - Caenorhabditis elegans (nematode)	mmu00430	Taurine and hypotaurine metabolism - Mus musculus (mouse)	dme00430	Taurine and hypotaurine metabolism - Drosophila melanogaster (fruit fly)
00440	map00440	Phosphonate and phosphinate metabolism	hsa00440	Phosphonate and phosphinate metabolism - Homo sapiens (human)	cel00440	Phosphonate and phosphinate metabolism - Caenorhabditis elegans (nematode)	mmu00440	Phosphonate and phosphinate metabolism - Mus musculus (mouse)	dme00440	Phosphonate and phosphinate metabolism - Drosophila melanogaster (fruit fly)
00450	map00450	Selenocompound metabolism	hsa00450	Selenocompound metabolism - Homo sapiens (human)	cel00450	Selenocompound metabolism - Caenorhabditis elegans (nematode)	mmu00450	Selenocompound metabolism - Mus musculus (mouse)	dme00450	Selenocompound metabolism - Drosophila melanogaster (fruit fly)
00460	map00460	Cyanoamino acid metabolism								
00471	map00471	D-Glutamine and D-glutamate metabolism	hsa00471	D-Glutamine and D-glutamate metabolism - Homo sapiens (human)	cel00471	D-Glutamine and D-glutamate metabolism - Caenorhabditis elegans (nematode)	mmu00471	D-Glutamine and D-glutamate metabolism - Mus musculus (mouse)	dme00471	D-Glutamine and D-glutamate metabolism - Drosophila melanogaster (fruit fly)
00472	map00472	D-Arginine and D-ornithine metabolism	hsa00472	D-Arginine and D-ornithine metabolism - Homo sapiens (human)	cel00472	D-Arginine and D-ornithine metabolism - Caenorhabditis elegans (nematode)	mmu00472	D-Arginine and D-ornithine metabolism - Mus musculus (mouse)	dme00472	D-Arginine and D-ornithine metabolism - Drosophila melanogaster (fruit fly)
00473	map00473	D-Alanine metabolism								
00480	map00480	Glutathione metabolism	hsa00480	Glutathione metabolism - Homo sapiens (human)	cel00480	Glutathione metabolism - Caenorhabditis elegans (nematode)	mmu00480	Glutathione metabolism - Mus musculus (mouse)	dme00480	Glutathione metabolism - Drosophila melanogaster (fruit fly)
00500	map00500	Starch and sucrose metabolism	hsa00500	Starch and sucrose metabolism - Homo sapiens (human)	cel00500	Starch and sucrose metabolism - Caenorhabditis elegans (nematode)	mmu00500	Starch and sucrose metabolism - Mus musculus (mouse)	dme00500	Starch and sucrose metabolism - Drosophila melanogaster (fruit fly)
00510	map00510	N-Glycan biosynthesis	hsa00510	N-Glycan biosynthesis - Homo sapiens (human)	cel00510	N-Glycan biosynthesis - Caenorhabditis elegans (nematode)	mmu00510	N-Glycan biosynthesis - Mus musculus (mouse)	dme00510	N-Glycan biosynthesis - Drosophila melanogaster (fruit fly)
00511	map00511	Other glycan degradation	hsa00511	Other glycan degradation - Homo sapiens (human)	cel00511	Other glycan degradation - Caenorhabditis elegans (nematode)	mmu00511	Other glycan degradation - Mus musculus (mouse)	dme00511	Other glycan degradation - Drosophila melanogaster (fruit fly)
00512	map00512	Mucin type O-glycan biosynthesis	hsa00512	Mucin type O-glycan biosynthesis - Homo sapiens (human)	cel00512	Mucin type O-glycan biosynthesis - Caenorhabditis elegans (nematode)	mmu00512	Mucin type O-glycan biosynthesis - Mus musculus (mouse)	dme00512	Mucin type O-glycan biosynthesis - Drosophila melanogaster (fruit fly)
00513	map00513	Various types of N-glycan biosynthesis	hsa00513	Various types of N-glycan biosynthesis - Homo sapiens (human)	cel00513	Various types of N-glycan biosynthesis - Caenorhabditis elegans (nematode)	mmu00513	Various types of N-glycan biosynthesis - Mus musculus (mouse)	dme00513	Various types of N-glycan biosynthesis - Drosophila melanogaster (fruit fly)
00514	map00514	Other types of O-glycan biosynthesis	hsa00514	Other types of O-glycan biosynthesis - Homo sapiens (human)	cel00514	Other types of O-glycan biosynthesis - Caenorhabditis elegans (nematode)	mmu00514	Other types of O-glycan biosynthesis - Mus musculus (mouse)	dme00514	Other types of O-glycan biosynthesis - Drosophila melanogaster (fruit fly)
00515	map00515	Mannose type O-glycan biosynthesis	hsa00515	Mannose type O-glycan biosynthesis - Homo sapiens (human)	cel00515	Mannose type O-glycan biosynthesis - Caenorhabditis elegans (nematode)	mmu00515	Mannose type O-glycan biosynthesis - Mus musculus (mouse)	dme00515	Mannose type O-glycan biosynthesis - Drosophila melanogaster (fruit fly)
00520	map00520	Amino sugar and nucleotide sugar metabolism	hsa00520	Amino sugar and nucleotide sugar metabolism - Homo sapiens (human)	cel00520	Amino sugar and nucleotide sugar metabolism - Caenorhabditis elegans (nematode)	mmu00520	Amino sugar and nucleotide sugar metabolism - Mus musculus (mouse)	dme00520	Amino sugar and nucleotide sugar metabolism - Drosophila melanogaster (fruit fly)
00521	map00521	Streptomycin biosynthesis								
00522	map00522	Biosynthesis of 12-, 14- and 16-membered macrolides								
00523	map00523	Polyketide sugar unit biosynthesis			cel00523	Polyketide sugar unit biosynthesis - Caenorhabditis elegans (nematode)				
00524	map00524	Neomycin, kanamycin and gentamicin biosynthesis	hsa00524	Neomycin, kanamycin and gentamicin biosynthesis - Homo sapiens (human)			mmu00524	Neomycin, kanamycin and gentamicin biosynthesis - Mus musculus (mouse)		
00525	map00525	Acarbose and validamycin biosynthesis								
00531	map00531	Glycosaminoglycan degradation	hsa00531	Glycosaminoglycan degradation - Homo sapiens (human)	cel00531	Glycosaminoglycan degradation - Caenorhabditis elegans (nematode)	mmu00531	Glycosaminoglycan degradation - Mus musculus (mouse)	dme00531	Glycosaminoglycan degradation - Drosophila melanogaster (fruit fly)
00532	map00532	Glycosaminoglycan biosynthesis - chondroitin sulfate / dermatan sulfate	hsa00532	Glycosaminoglycan biosynthesis - chondroitin sulfate / dermatan sulfate - Homo sapiens (human)	cel00532	Glycosaminoglycan biosynthesis - chondroitin sulfate / dermatan sulfate - Caenorhabditis elegans (nematode)	mmu00532	Glycosaminoglycan biosynthesis - chondroitin sulfate / dermatan sulfate - Mus musculus (mouse)	dme00532	Glycosaminoglycan biosynthesis - chondroitin sulfate / dermatan sulfate - Drosophila melanogaster (fruit fly)
00533	map00533	Glycosaminoglycan biosynthesis - keratan sulfate	hsa00533	Glycosaminoglycan biosynthesis - keratan sulfate - Homo sapiens (human)	cel00533	Glycosaminoglycan biosynthesis - keratan sulfate - Caenorhabditis elegans (nematode)	mmu00533	Glycosaminoglycan biosynthesis - keratan sulfate - Mus musculus (mouse)		
00534	map00534	Glycosaminoglycan biosynthesis - heparan sulfate / heparin	hsa00534	Glycosaminoglycan biosynthesis - heparan sulfate / heparin - Homo sapiens (human)	cel00534	Glycosaminoglycan biosynthesis - heparan sulfate / heparin - Caenorhabditis elegans (nematode)	mmu00534	Glycosaminoglycan biosynthesis - heparan sulfate / heparin - Mus musculus (mouse)	dme00534	Glycosaminoglycan biosynthesis - heparan sulfate / heparin - Drosophila melanogaster (fruit fly)
00540	map00540	Lipopolysaccharide biosynthesis								
00550	map00550	Peptidoglycan biosynthesis								
00561	map00561	Glycerolipid metabolism	hsa00561	Glycerolipid metabolism - Homo sapiens (human)	cel00561	Glycerolipid metabolism - Caenorhabditis elegans (nematode)	mmu00561	Glycerolipid metabolism - Mus musculus (mouse)	dme00561	Glycerolipid metabolism - Drosophila melanogaster (fruit fly)
00562	map00562	Inositol phosphate metabolism	hsa00562	Inositol phosphate metabolism - Homo sapiens (human)	cel00562	Inositol phosphate metabolism - Caenorhabditis elegans (nematode)	mmu00562	Inositol phosphate metabolism - Mus musculus (mouse)	dme00562	Inositol phosphate metabolism - Drosophila melanogaster (fruit fly)
00563	map00563	Glycosylphosphatidylinositol (GPI)-anchor biosynthesis	hsa00563	Glycosylphosphatidylinositol (GPI)-anchor biosynthesis - Homo sapiens (human)	cel00563	Glycosylphosphatidylinositol (GPI)-anchor biosynthesis - Caenorhabditis elegans (nematode)	mmu00563	Glycosylphosphatidylinositol (GPI)-anchor biosynthesis - Mus musculus (mouse)	dme00563	Glycosylphosphatidylinositol (GPI)-anchor biosynthesis - Drosophila melanogaster (fruit fly)
00564	map00564	Glycerophospholipid metabolism	hsa00564	Glycerophospholipid metabolism - Homo sapiens (human)	cel00564	Glycerophospholipid metabolism - Caenorhabditis elegans (nematode)	mmu00564	Glycerophospholipid metabolism - Mus musculus (mouse)	dme00564	Glycerophospholipid metabolism - Drosophila melanogaster (fruit fly)
00565	map00565	Ether lipid metabolism	hsa00565	Ether lipid metabolism - Homo sapiens (human)	cel00565	Ether lipid metabolism - Caenorhabditis elegans (nematode)	mmu00565	Ether lipid metabolism - Mus musculus (mouse)	dme00565	Ether lipid metabolism - Drosophila melanogaster (fruit fly)
00571	map00571	Lipoarabinomannan (LAM) biosynthesis								
00572	map00572	Arabinogalactan biosynthesis - Mycobacterium								
00590	map00590	Arachidonic acid metabolism	hsa00590	Arachidonic acid metabolism - Homo sapiens (human)	cel00590	Arachidonic acid metabolism - Caenorhabditis elegans (nematode)	mmu00590	Arachidonic acid metabolism - Mus musculus (mouse)	dme00590	Arachidonic acid metabolism - Drosophila melanogaster (fruit fly)
00591	map00591	Linoleic acid metabolism	hsa00591	Linoleic acid metabolism - Homo sapiens (human)			mmu00591	Linoleic acid metabolism - Mus musculus (mouse)		
00592	map00592	alpha-Linolenic acid metabolism	hsa00592	alpha-Linolenic acid metabolism - Homo sapiens (human)	cel00592	alpha-Linolenic acid metabolism - Caenorhabditis elegans (nematode)	mmu00592	alpha-Linolenic acid metabolism - Mus musculus (mouse)	dme00592	alpha-Linolenic acid metabolism - Drosophila melanogaster (fruit fly)
00600	map00600	Sphingolipid metabolism	hsa00600	Sphingolipid metabolism - Homo sapiens (human)	cel00600	Sphingolipid metabolism - Caenorhabditis elegans (nematode)	mmu00600	Sphingolipid metabolism - Mus musculus (mouse)	dme00600	Sphingolipid metabolism - Drosophila melanogaster (fruit fly)
00601	map00601	Glycosphingolipid biosynthesis - lacto and neolacto series	hsa00601	Glycosphingolipid biosynthesis - lacto and neolacto series - Homo sapiens (human)	cel00601	Glycosphingolipid biosynthesis - lacto and neolacto series - Caenorhabditis elegans (nematode)	mmu00601	Glycosphingolipid biosynthesis - lacto and neolacto series - Mus musculus (mouse)	dme00601	Glycosphingolipid biosynthesis - lacto and neolacto series - Drosophila melanogaster (fruit fly)
00603	map00603	Glycosphingolipid biosynthesis - globo and isoglobo series	hsa00603	Glycosphingolipid biosynthesis - globo and isoglobo series - Homo sapiens (human)	cel00603	Glycosphingolipid biosynthesis - globo and isoglobo series - Caenorhabditis elegans (nematode)	mmu00603	Glycosphingolipid biosynthesis - globo and isoglobo series - Mus musculus (mouse)	dme00603	Glycosphingolipid biosynthesis - globo and isoglobo series - Drosophila melanogaster (fruit fly)
00604	map00604	Glycosphingolipid biosynthesis - ganglio series	hsa00604	Glycosphingolipid biosynthesis - ganglio series - Homo sapiens (human)	cel00604	Glycosphingolipid biosynthesis - ganglio series - Caenorhabditis elegans (nematode)	mmu00604	Glycosphingolipid biosynthesis - ganglio series - Mus musculus (mouse)	dme00604	Glycosphingolipid biosynthesis - ganglio series - Drosophila melanogaster (fruit fly)
00620	map00620	Pyruvate metabolism	hsa00620	Pyruvate metabolism - Homo sapiens (human)	cel00620	Pyruvate metabolism - Caenorhabditis elegans (nematode)	mmu00620	Pyruvate metabolism - Mus musculus (mouse)	dme00620	Pyruvate metabolism - Drosophila melanogaster (fruit fly)
00621	map00621	Dioxin degradation								
00622	map00622	Xylene degradation								
00623	map00623	Toluene degradation								
00624	map00624	Polycyclic aromatic hydrocarbon degradation								
00625	map00625	Chloroalkane and chloroalkene degradation								
00626	map00626	Naphthalene degradation								
00627	map00627	Aminobenzoate degradation								
00630	map00630	Glyoxylate and dicarboxylate metabolism	hsa00630	Glyoxylate and dicarboxylate metabolism - Homo sapiens (human)	cel00630	Glyoxylate and dicarboxylate metabolism - Caenorhabditis elegans (nematode)	mmu00630	Glyoxylate and dicarboxylate metabolism - Mus musculus (mouse)	dme00630	Glyoxylate and dicarboxylate metabolism - Drosophila melanogaster (fruit fly)
00633	map00633	Nitrotoluene degradation								
00640	map00640	Propanoate metabolism	hsa00640	Propanoate metabolism - Homo sapiens (human)	cel00640	Propanoate metabolism - Caenorhabditis elegans (nematode)	mmu00640	Propanoate metabolism - Mus musculus (mouse)	dme00640	Propanoate metabolism - Drosophila melanogaster (fruit fly)
00642	map00642	Ethylbenzene degradation								
00643	map00643	Styrene degradation								
00650	map00650	Butanoate metabolism	hsa00650	Butanoate metabolism - Homo sapiens (human)	cel00650	Butanoate metabolism - Caenorhabditis elegans (nematode)	mmu00650	Butanoate metabolism - Mus musculus (mouse)	dme00650	Butanoate metabolism - Drosophila melanogaster (fruit fly)
00660	map00660	C5-Branched dibasic acid metabolism								
00670	map00670	One carbon pool by folate	hsa00670	One carbon pool by folate - Homo sapiens (human)	cel00670	One carbon pool by folate - Caenorhabditis elegans (nematode)	mmu00670	One carbon pool by folate - Mus musculus (mouse)	dme00670	One carbon pool by folate - Drosophila melanogaster (fruit fly)
00680	map00680	Methane metabolism								
00710	map00710	Carbon fixation in photosynthetic organisms								
00720	map00720	Carbon fixation pathways in prokaryotes								
00730	map00730	Thiamine metabolism	hsa00730	Thiamine metabolism - Homo sapiens (human)	cel00730	Thiamine metabolism - Caenorhabditis elegans (nematode)	mmu00730	Thiamine metabolism - Mus musculus (mouse)	dme00730	Thiamine metabolism - Drosophila melanogaster (fruit fly)
00740	map00740	Riboflavin metabolism	hsa00740	Riboflavin metabolism - Homo sapiens (human)	cel00740	Riboflavin metabolism - Caenorhabditis elegans (nematode)	mmu00740	Riboflavin metabolism - Mus musculus (mouse)	dme00740	Riboflavin metabolism - Drosophila melanogaster (fruit fly)
00750	map00750	Vitamin B6 metabolism	hsa00750	Vitamin B6 metabolism - Homo sapiens (human)	cel00750	Vitamin B6 metabolism - Caenorhabditis elegans (nematode)	mmu00750	Vitamin B6 metabolism - Mus musculus (mouse)	dme00750	Vitamin B6 metabolism - Drosophila melanogaster (fruit fly)
00760	map00760	Nicotinate and nicotinamide metabolism	hsa00760	Nicotinate and nicotinamide metabolism - Homo sapiens (human)	cel00760	Nicotinate and nicotinamide metabolism - Caenorhabditis elegans (nematode)	mmu00760	Nicotinate and nicotinamide metabolism - Mus musculus (mouse)	dme00760	Nicotinate and nicotinamide metabolism - Drosophila melanogaster (fruit fly)
00770	map00770	Pantothenate and CoA biosynthesis	hsa00770	Pantothenate and CoA biosynthesis - Homo sapiens (human)	cel00770	Pantothenate and CoA biosynthesis - Caenorhabditis elegans (nematode)	mmu00770	Pantothenate and CoA biosynthesis - Mus musculus (mouse)	dme00770	Pantothenate and CoA biosynthesis - Drosophila melanogaster (fruit fly)
00780	map00780	Biotin metabolism	hsa00780	Biotin metabolism - Homo sapiens (human)	cel00780	Biotin metabolism - Caenorhabditis elegans (nematode)	mmu00780	Biotin metabolism - Mus musculus (mouse)	dme00780	Biotin metabolism - Drosophila melanogaster (fruit fly)
00785	map00785	Lipoic acid metabolism	hsa00785	Lipoic acid metabolism - Homo sapiens (human)	cel00785	Lipoic acid metabolism - Caenorhabditis elegans (nematode)	mmu00785	Lipoic acid metabolism - Mus musculus (mouse)	dme00785	Lipoic acid metabolism - Drosophila melanogaster (fruit fly)
00790	map00790	Folate biosynthesis	hsa00790	Folate biosynthesis - Homo sapiens (human)	cel00790	Folate biosynthesis - Caenorhabditis elegans (nematode)	mmu00790	Folate biosynthesis - Mus musculus (mouse)	dme00790	Folate biosynthesis - Drosophila melanogaster (fruit fly)
00791	map00791	Atrazine degradation								
00830	map00830	Retinol metabolism	hsa00830	Retinol metabolism - Homo sapiens (human)	cel00830	Retinol metabolism - Caenorhabditis elegans (nematode)	mmu00830	Retinol metabolism - Mus musculus (mouse)	dme00830	Retinol metabolism - Drosophila melanogaster (fruit fly)
00860	map00860	Porphyrin and chlorophyll metabolism	hsa00860	Porphyrin and chlorophyll metabolism - Homo sapiens (human)	cel00860	Porphyrin and chlorophyll metabolism - Caenorhabditis elegans (nematode)	mmu00860	Porphyrin and chlorophyll metabolism - Mus musculus (mouse)	dme00860	Porphyrin and chlorophyll metabolism - Drosophila melanogaster (fruit fly)
00900	map00900	Terpenoid backbone biosynthesis	hsa00900	Terpenoid backbone biosynthesis - Homo sapiens (human)	cel00900	Terpenoid backbone biosynthesis - Caenorhabditis elegans (nematode)	mmu00900	Terpenoid backbone biosynthesis - Mus musculus (mouse)	dme00900	Terpenoid backbone biosynthesis - Drosophila melanogaster (fruit fly)
00901	map00901	Indole alkaloid biosynthesis								
00902	map00902	Monoterpenoid biosynthesis								
00903	map00903	Limonene and pinene degradation								
00904	map00904	Diterpenoid biosynthesis								
00905	map00905	Brassinosteroid biosynthesis								
00906	map00906	Carotenoid biosynthesis								
00908	map00908	Zeatin biosynthesis								
00909	map00909	Sesquiterpenoid and triterpenoid biosynthesis								
00910	map00910	Nitrogen metabolism	hsa00910	Nitrogen metabolism - Homo sapiens (human)	cel00910	Nitrogen metabolism - Caenorhabditis elegans (nematode)	mmu00910	Nitrogen metabolism - Mus musculus (mouse)	dme00910	Nitrogen metabolism - Drosophila melanogaster (fruit fly)
00920	map00920	Sulfur metabolism	hsa00920	Sulfur metabolism - Homo sapiens (human)	cel00920	Sulfur metabolism - Caenorhabditis elegans (nematode)	mmu00920	Sulfur metabolism - Mus musculus (mouse)	dme00920	Sulfur metabolism - Drosophila melanogaster (fruit fly)
00930	map00930	Caprolactam degradation								
00940	map00940	Phenylpropanoid biosynthesis								
00941	map00941	Flavonoid biosynthesis								
00942	map00942	Anthocyanin biosynthesis								
00943	map00943	Isoflavonoid biosynthesis								
00944	map00944	Flavone and flavonol biosynthesis								
00945	map00945	Stilbenoid, diarylheptanoid and gingerol biosynthesis								
00950	map00950	Isoquinoline alkaloid biosynthesis								
00960	map00960	Tropane, piperidine and pyridine alkaloid biosynthesis								
00965	map00965	Betalain biosynthesis								
00966	map00966	Glucosinolate biosynthesis								
00970	map00970	Aminoacyl-tRNA biosynthesis	hsa00970	Aminoacyl-tRNA biosynthesis - Homo sapiens (human)	cel00970	Aminoacyl-tRNA biosynthesis - Caenorhabditis elegans (nematode)	mmu00970	Aminoacyl-tRNA biosynthesis - Mus musculus (mouse)	dme00970	Aminoacyl-tRNA biosynthesis - Drosophila melanogaster (fruit fly)
00980	map00980	Metabolism of xenobiotics by cytochrome P450	hsa00980	Metabolism of xenobiotics by cytochrome P450 - Homo sapiens (human)	cel00980	Metabolism of xenobiotics by cytochrome P450 - Caenorhabditis elegans (nematode)	mmu00980	Metabolism of xenobiotics by cytochrome P450 - Mus musculus (mouse)	dme00980	Metabolism of xenobiotics by cytochrome P450 - Drosophila melanogaster (fruit fly)
00981	map00981	Insect hormone biosynthesis							dme00981	Insect hormone biosynthesis - Drosophila melanogaster (fruit fly)
00982	map00982	Drug metabolism - cytochrome P450	hsa00982	Drug metabolism - cytochrome P450 - Homo sapiens (human)	cel00982	Drug metabolism - cytochrome P450 - Caenorhabditis elegans (nematode)	mmu00982	Drug metabolism - cytochrome P450 - Mus musculus (mouse)	dme00982	Drug metabolism - cytochrome P450 - Drosophila melanogaster (fruit fly)
00983	map00983	Drug metabolism - other enzymes	hsa00983	Drug metabolism - other enzymes - Homo sapiens (human)	cel00983	Drug metabolism - other enzymes - Caenorhabditis elegans (nematode)	mmu00983	Drug metabolism - other enzymes - Mus musculus (mouse)	dme00983	Drug metabolism - other enzymes - Drosophila melanogaster (fruit fly)
00984	map00984	Steroid degradation								
00997	map00997	Biosynthesis of various secondary metabolites - part 3								
00998	map00998	Biosynthesis of various secondary metabolites - part 2								
00999	map00999	Biosynthesis of various secondary metabolites - part 1								
01010	map01010	Overview of biosynthetic pathways								
01040	map01040	Biosynthesis of unsaturated fatty acids	hsa01040	Biosynthesis of unsaturated fatty acids - Homo sapiens (human)	cel01040	Biosynthesis of unsaturated fatty acids - Caenorhabditis elegans (nematode)	mmu01040	Biosynthesis of unsaturated fatty acids - Mus musculus (mouse)	dme01040	Biosynthesis of unsaturated fatty acids - Drosophila melanogaster (fruit fly)
01051	map01051	Biosynthesis of ansamycins								
01052	map01052	Type I polyketide structures								
01053	map01053	Biosynthesis of siderophore group nonribosomal peptides								
01054	map01054	Nonribosomal peptide structures								
01055	map01055	Biosynthesis of vancomycin group antibiotics								
01056	map01056	Biosynthesis of type II polyketide backbone								
01057	map01057	Biosynthesis of type II polyketide products								
01058	map01058	Acridone alkaloid biosynthesis								
01059	map01059	Biosynthesis of enediyne antibiotics								
01060	map01060	Biosynthesis of plant secondary metabolites								
01061	map01061	Biosynthesis of phenylpropanoids								
01062	map01062	Biosynthesis of terpenoids and steroids								
01063	map01063	Biosynthesis of alkaloids derived from shikimate pathway								
01064	map01064	Biosynthesis of alkaloids derived from ornithine, lysine and nicotinic acid								
01065	map01065	Biosynthesis of alkaloids derived from histidine and purine								
01066	map01066	Biosynthesis of alkaloids derived from terpenoid and polyketide								
01070	map01070	Biosynthesis of plant hormones								
01100	map01100	Metabolic pathways	hsa01100	Metabolic pathways - Homo sapiens (human)	cel01100	Metabolic pathways - Caenorhabditis elegans (nematode)	mmu01100	Metabolic pathways - Mus musculus (mouse)	dme01100	Metabolic pathways - Drosophila melanogaster (fruit fly)
01110	map01110	Biosynthesis of secondary metabolites								
01120	map01120	Microbial metabolism in diverse environments								
01200	map01200	Carbon metabolism	hsa01200	Carbon metabolism - Homo sapiens (human)	cel01200	Carbon metabolism - Caenorhabditis elegans (nematode)	mmu01200	Carbon metabolism - Mus musculus (mouse)	dme01200	Carbon metabolism - Drosophila melanogaster (fruit fly)
01210	map01210	2-Oxocarboxylic acid metabolism	hsa01210	2-Oxocarboxylic acid metabolism - Homo sapiens (human)	cel01210	2-Oxocarboxylic acid metabolism - Caenorhabditis elegans (nematode)	mmu01210	2-Oxocarboxylic acid metabolism - Mus musculus (mouse)	dme01210	2-Oxocarboxylic acid metabolism - Drosophila melanogaster (fruit fly)
01212	map01212	Fatty acid metabolism	hsa01212	Fatty acid metabolism - Homo sapiens (human)	cel01212	Fatty acid metabolism - Caenorhabditis elegans (nematode)	mmu01212	Fatty acid metabolism - Mus musculus (mouse)	dme01212	Fatty acid metabolism - Drosophila melanogaster (fruit fly)
01220	map01220	Degradation of aromatic compounds								
01230	map01230	Biosynthesis of amino acids	hsa01230	Biosynthesis of amino acids - Homo sapiens (human)	cel01230	Biosynthesis of amino acids - Caenorhabditis elegans (nematode)	mmu01230	Biosynthesis of amino acids - Mus musculus (mouse)	dme01230	Biosynthesis of amino acids - Drosophila melanogaster (fruit fly)
01501	map01501	beta-Lactam resistance								
01502	map01502	Vancomycin resistance								
01503	map01503	Cationic antimicrobial peptide (CAMP) resistance								
01521	map01521	EGFR tyrosine kinase inhibitor resistance	hsa01521	EGFR tyrosine kinase inhibitor resistance - Homo sapiens (human)			mmu01521	EGFR tyrosine kinase inhibitor resistance - Mus musculus (mouse)		
01522	map01522	Endocrine resistance	hsa01522	Endocrine resistance - Homo sapiens (human)			mmu01522	Endocrine resistance - Mus musculus (mouse)		
01523	map01523	Antifolate resistance	hsa01523	Antifolate resistance - Homo sapiens (human)			mmu01523	Antifolate resistance - Mus musculus (mouse)		
01524	map01524	Platinum drug resistance	hsa01524	Platinum drug resistance - Homo sapiens (human)			mmu01524	Platinum drug resistance - Mus musculus (mouse)		
02010	map02010	ABC transporters	hsa02010	ABC transporters - Homo sapiens (human)	cel02010	ABC transporters - Caenorhabditis elegans (nematode)	mmu02010	ABC transporters - Mus musculus (mouse)	dme02010	ABC transporters - Drosophila melanogaster (fruit fly)
02020	map02020	Two-component system								
02024	map02024	Quorum sensing								
02025	map02025	Biofilm formation - Pseudomonas aeruginosa								
02026	map02026	Biofilm formation - Escherichia coli								
02030	map02030	Bacterial chemotaxis								
02040	map02040	Flagellar assembly								
02060	map02060	Phosphotransferase system (PTS)								
03008	map03008	Ribosome biogenesis in eukaryotes	hsa03008	Ribosome biogenesis in eukaryotes - Homo sapiens (human)	cel03008	Ribosome biogenesis in eukaryotes - Caenorhabditis elegans (nematode)	mmu03008	Ribosome biogenesis in eukaryotes - Mus musculus (mouse)	dme03008	Ribosome biogenesis in eukaryotes - Drosophila melanogaster (fruit fly)
03010	map03010	Ribosome	hsa03010	Ribosome - Homo sapiens (human)	cel03010	Ribosome - Caenorhabditis elegans (nematode)	mmu03010	Ribosome - Mus musculus (mouse)	dme03010	Ribosome - Drosophila melanogaster (fruit fly)
03013	map03013	RNA transport	hsa03013	RNA transport - Homo sapiens (human)	cel03013	RNA transport - Caenorhabditis elegans (nematode)	mmu03013	RNA transport - Mus musculus (mouse)	dme03013	RNA transport - Drosophila melanogaster (fruit fly)
03015	map03015	mRNA surveillance pathway	hsa03015	mRNA surveillance pathway - Homo sapiens (human)	cel03015	mRNA surveillance pathway - Caenorhabditis elegans (nematode)	mmu03015	mRNA surveillance pathway - Mus musculus (mouse)	dme03015	mRNA surveillance pathway - Drosophila melanogaster (fruit fly)
03018	map03018	RNA degradation	hsa03018	RNA degradation - Homo sapiens (human)	cel03018	RNA degradation - Caenorhabditis elegans (nematode)	mmu03018	RNA degradation - Mus musculus (mouse)	dme03018	RNA degradation - Drosophila melanogaster (fruit fly)
03020	map03020	RNA polymerase	hsa03020	RNA polymerase - Homo sapiens (human)	cel03020	RNA polymerase - Caenorhabditis elegans (nematode)	mmu03020	RNA polymerase - Mus musculus (mouse)	dme03020	RNA polymerase - Drosophila melanogaster (fruit fly)
03022	map03022	Basal transcription factors	hsa03022	Basal transcription factors - Homo sapiens (human)	cel03022	Basal transcription factors - Caenorhabditis elegans (nematode)	mmu03022	Basal transcription factors - Mus musculus (mouse)	dme03022	Basal transcription factors - Drosophila melanogaster (fruit fly)
03030	map03030	DNA replication	hsa03030	DNA replication - Homo sapiens (human)	cel03030	DNA replication - Caenorhabditis elegans (nematode)	mmu03030	DNA replication - Mus musculus (mouse)	dme03030	DNA replication - Drosophila melanogaster (fruit fly)
03040	map03040	Spliceosome	hsa03040	Spliceosome - Homo sapiens (human)	cel03040	Spliceosome - Caenorhabditis elegans (nematode)	mmu03040	Spliceosome - Mus musculus (mouse)	dme03040	Spliceosome - Drosophila melanogaster (fruit fly)
03050	map03050	Proteasome	hsa03050	Proteasome - Homo sapiens (human)	cel03050	Proteasome - Caenorhabditis elegans (nematode)	mmu03050	Proteasome - Mus musculus (mouse)	dme03050	Proteasome - Drosophila melanogaster (fruit fly)
03060	map03060	Protein export	hsa03060	Protein export - Homo sapiens (human)	cel03060	Protein export - Caenorhabditis elegans (nematode)	mmu03060	Protein export - Mus musculus (mouse)	dme03060	Protein export - Drosophila melanogaster (fruit fly)
03070	map03070	Bacterial secretion system								
03320	map03320	PPAR signaling pathway	hsa03320	PPAR signaling pathway - Homo sapiens (human)			mmu03320	PPAR signaling pathway - Mus musculus (mouse)		
03410	map03410	Base excision repair	hsa03410	Base excision repair - Homo sapiens (human)	cel03410	Base excision repair - Caenorhabditis elegans (nematode)	mmu03410	Base excision repair - Mus musculus (mouse)	dme03410	Base excision repair - Drosophila melanogaster (fruit fly)
03420	map03420	Nucleotide excision repair	hsa03420	Nucleotide excision repair - Homo sapiens (human)	cel03420	Nucleotide excision repair - Caenorhabditis elegans (nematode)	mmu03420	Nucleotide excision repair - Mus musculus (mouse)	dme03420	Nucleotide excision repair - Drosophila melanogaster (fruit fly)
03430	map03430	Mismatch repair	hsa03430	Mismatch repair - Homo sapiens (human)	cel03430	Mismatch repair - Caenorhabditis elegans (nematode)	mmu03430	Mismatch repair - Mus musculus (mouse)	dme03430	Mismatch repair - Drosophila melanogaster (fruit fly)
03440	map03440	Homologous recombination	hsa03440	Homologous recombination - Homo sapiens (human)	cel03440	Homologous recombination - Caenorhabditis elegans (nematode)	mmu03440	Homologous recombination - Mus musculus (mouse)	dme03440	Homologous recombination - Drosophila melanogaster (fruit fly)
03450	map03450	Non-homologous end-joining	hsa03450	Non-homologous end-joining - Homo sapiens (human)	cel03450	Non-homologous end-joining - Caenorhabditis elegans (nematode)	mmu03450	Non-homologous end-joining - Mus musculus (mouse)	dme03450	Non-homologous end-joining - Drosophila melanogaster (fruit fly)
03460	map03460	Fanconi anemia pathway	hsa03460	Fanconi anemia pathway - Homo sapiens (human)	cel03460	Fanconi anemia pathway - Caenorhabditis elegans (nematode)	mmu03460	Fanconi anemia pathway - Mus musculus (mouse)	dme03460	Fanconi anemia pathway - Drosophila melanogaster (fruit fly)
04010	map04010	MAPK signaling pathway	hsa04010	MAPK signaling pathway - Homo sapiens (human)	cel04010	MAPK signaling pathway - Caenorhabditis elegans (nematode)	mmu04010	MAPK signaling pathway - Mus musculus (mouse)		
04011	map04011	MAPK signaling pathway - yeast								
04012	map04012	ErbB signaling pathway	hsa04012	ErbB signaling pathway - Homo sapiens (human)	cel04012	ErbB signaling pathway - Caenorhabditis elegans (nematode)	mmu04012	ErbB signaling pathway - Mus musculus (mouse)		
04013	map04013	MAPK signaling pathway - fly							dme04013	MAPK signaling pathway - fly - Drosophila melanogaster (fruit fly)
04014	map04014	Ras signaling pathway	hsa04014	Ras signaling pathway - Homo sapiens (human)			mmu04014	Ras signaling pathway - Mus musculus (mouse)		
04015	map04015	Rap1 signaling pathway	hsa04015	Rap1 signaling pathway - Homo sapiens (human)			mmu04015	Rap1 signaling pathway - Mus musculus (mouse)		
04016	map04016	MAPK signaling pathway - plant								
04020	map04020	Calcium signaling pathway	hsa04020	Calcium signaling pathway - Homo sapiens (human)	cel04020	Calcium signaling pathway - Caenorhabditis elegans (nematode)	mmu04020	Calcium signaling pathway - Mus musculus (mouse)		
04022	map04022	cGMP-PKG signaling pathway	hsa04022	cGMP-PKG signaling pathway - Homo sapiens (human)			mmu04022	cGMP-PKG signaling pathway - Mus musculus (mouse)		
04024	map04024	cAMP signaling pathway	hsa04024	cAMP signaling pathway - Homo sapiens (human)			mmu04024	cAMP signaling pathway - Mus musculus (mouse)		
04060	map04060	Cytokine-cytokine receptor interaction	hsa04060	Cytokine-cytokine receptor interaction - Homo sapiens (human)			mmu04060	Cytokine-cytokine receptor interaction - Mus musculus (mouse)		
04061	map04061	Viral protein interaction with cytokine and cytokine receptor	hsa04061	Viral protein interaction with cytokine and cytokine receptor - Homo sapiens (human)			mmu04061	Viral protein interaction with cytokine and cytokine receptor - Mus musculus (mouse)		
04062	map04062	Chemokine signaling pathway	hsa04062	Chemokine signaling pathway - Homo sapiens (human)			mmu04062	Chemokine signaling pathway - Mus musculus (mouse)		
04064	map04064	NF-kappa B signaling pathway	hsa04064	NF-kappa B signaling pathway - Homo sapiens (human)			mmu04064	NF-kappa B signaling pathway - Mus musculus (mouse)		
04066	map04066	HIF-1 signaling pathway	hsa04066	HIF-1 signaling pathway - Homo sapiens (human)			mmu04066	HIF-1 signaling pathway - Mus musculus (mouse)		
04068	map04068	FoxO signaling pathway	hsa04068	FoxO signaling pathway - Homo sapiens (human)	cel04068	FoxO signaling pathway - Caenorhabditis elegans (nematode)	mmu04068	FoxO signaling pathway - Mus musculus (mouse)	dme04068	FoxO signaling pathway - Drosophila melanogaster (fruit fly)
04070	map04070	Phosphatidylinositol signaling system	hsa04070	Phosphatidylinositol signaling system - Homo sapiens (human)	cel04070	Phosphatidylinositol signaling system - Caenorhabditis elegans (nematode)	mmu04070	Phosphatidylinositol signaling system - Mus musculus (mouse)	dme04070	Phosphatidylinositol signaling system - Drosophila melanogaster (fruit fly)
04071	map04071	Sphingolipid signaling pathway	hsa04071	Sphingolipid signaling pathway - Homo sapiens (human)			mmu04071	Sphingolipid signaling pathway - Mus musculus (mouse)		
04072	map04072	Phospholipase D signaling pathway	hsa04072	Phospholipase D signaling pathway - Homo sapiens (human)			mmu04072	Phospholipase D signaling pathway - Mus musculus (mouse)		
04075	map04075	Plant hormone signal transduction								
04080	map04080	Neuroactive ligand-receptor interaction	hsa04080	Neuroactive ligand-receptor interaction - Homo sapiens (human)	cel04080	Neuroactive ligand-receptor interaction - Caenorhabditis elegans (nematode)	mmu04080	Neuroactive ligand-receptor interaction - Mus musculus (mouse)	dme04080	Neuroactive ligand-receptor interaction - Drosophila melanogaster (fruit fly)
04110	map04110	Cell cycle	hsa04110	Cell cycle - Homo sapiens (human)			mmu04110	Cell cycle - Mus musculus (mouse)		
04111	map04111	Cell cycle - yeast								
04112	map04112	Cell cycle - Caulobacter								
04113	map04113	Meiosis - yeast								
04114	map04114	Oocyte meiosis	hsa04114	Oocyte meiosis - Homo sapiens (human)			mmu04114	Oocyte meiosis - Mus musculus (mouse)		
04115	map04115	p53 signaling pathway	hsa04115	p53 signaling pathway - Homo sapiens (human)			mmu04115	p53 signaling pathway - Mus musculus (mouse)		
04120	map04120	Ubiquitin mediated proteolysis	hsa04120	Ubiquitin mediated proteolysis - Homo sapiens (human)	cel04120	Ubiquitin mediated proteolysis - Caenorhabditis elegans (nematode)	mmu04120	Ubiquitin mediated proteolysis - Mus musculus (mouse)	dme04120	Ubiquitin mediated proteolysis - Drosophila melanogaster (fruit fly)
04122	map04122	Sulfur relay system	hsa04122	Sulfur relay system - Homo sapiens (human)	cel04122	Sulfur relay system - Caenorhabditis elegans (nematode)	mmu04122	Sulfur relay system - Mus musculus (mouse)	dme04122	Sulfur relay system - Drosophila melanogaster (fruit fly)
04130	map04130	SNARE interactions in vesicular transport	hsa04130	SNARE interactions in vesicular transport - Homo sapiens (human)	cel04130	SNARE interactions in vesicular transport - Caenorhabditis elegans (nematode)	mmu04130	SNARE interactions in vesicular transport - Mus musculus (mouse)	dme04130	SNARE interactions in vesicular transport - Drosophila melanogaster (fruit fly)
04136	map04136	Autophagy - other	hsa04136	Autophagy - other - Homo sapiens (human)	cel04136	Autophagy - other - Caenorhabditis elegans (nematode)	mmu04136	Autophagy - other - Mus musculus (mouse)	dme04136	Autophagy - other - Drosophila melanogaster (fruit fly)
04137	map04137	Mitophagy - animal	hsa04137	Mitophagy - animal - Homo sapiens (human)	cel04137	Mitophagy - animal - Caenorhabditis elegans (nematode)	mmu04137	Mitophagy - animal - Mus musculus (mouse)	dme04137	Mitophagy - animal - Drosophila melanogaster (fruit fly)
04138	map04138	Autophagy - yeast								
04139	map04139	Mitophagy - yeast								
04140	map04140	Autophagy - animal	hsa04140	Autophagy - animal - Homo sapiens (human)	cel04140	Autophagy - animal - Caenorhabditis elegans (nematode)	mmu04140	Autophagy - animal - Mus musculus (mouse)	dme04140	Autophagy - animal - Drosophila melanogaster (fruit fly)
04141	map04141	Protein processing in endoplasmic reticulum	hsa04141	Protein processing in endoplasmic reticulum - Homo sapiens (human)	cel04141	Protein processing in endoplasmic reticulum - Caenorhabditis elegans (nematode)	mmu04141	Protein processing in endoplasmic reticulum - Mus musculus (mouse)	dme04141	Protein processing in endoplasmic reticulum - Drosophila melanogaster (fruit fly)
04142	map04142	Lysosome	hsa04142	Lysosome - Homo sapiens (human)	cel04142	Lysosome - Caenorhabditis elegans (nematode)	mmu04142	Lysosome - Mus musculus (mouse)	dme04142	Lysosome - Drosophila melanogaster (fruit fly)
04144	map04144	Endocytosis	hsa04144	Endocytosis - Homo sapiens (human)	cel04144	Endocytosis - Caenorhabditis elegans (nematode)	mmu04144	Endocytosis - Mus musculus (mouse)	dme04144	Endocytosis - Drosophila melanogaster (fruit fly)
04145	map04145	Phagosome	hsa04145	Phagosome - Homo sapiens (human)	cel04145	Phagosome - Caenorhabditis elegans (nematode)	mmu04145	Phagosome - Mus musculus (mouse)	dme04145	Phagosome - Drosophila melanogaster (fruit fly)
04146	map04146	Peroxisome	hsa04146	Peroxisome - Homo sapiens (human)	cel04146	Peroxisome - Caenorhabditis elegans (nematode)	mmu04146	Peroxisome - Mus musculus (mouse)	dme04146	Peroxisome - Drosophila melanogaster (fruit fly)
04150	map04150	mTOR signaling pathway	hsa04150	mTOR signaling pathway - Homo sapiens (human)	cel04150	mTOR signaling pathway - Caenorhabditis elegans (nematode)	mmu04150	mTOR signaling pathway - Mus musculus (mouse)	dme04150	mTOR signaling pathway - Drosophila melanogaster (fruit fly)
04151	map04151	PI3K-Akt signaling pathway	hsa04151	PI3K-Akt signaling pathway - Homo sapiens (human)			mmu04151	PI3K-Akt signaling pathway - Mus musculus (mouse)		
04152	map04152	AMPK signaling pathway	hsa04152	AMPK signaling pathway - Homo sapiens (human)			mmu04152	AMPK signaling pathway - Mus musculus (mouse)		
04210	map04210	Apoptosis	hsa04210	Apoptosis - Homo sapiens (human)			mmu04210	Apoptosis - Mus musculus (mouse)		
04211	map04211	Longevity regulating pathway	hsa04211	Longevity regulating pathway - Homo sapiens (human)			mmu04211	Longevity regulating pathway - Mus musculus (mouse)		
04212	map04212	Longevity regulating pathway - worm			cel04212	Longevity regulating pathway - worm - Caenorhabditis elegans (nematode)				
04213	map04213	Longevity regulating pathway - multiple species	hsa04213	Longevity regulating pathway - multiple species - Homo sapiens (human)	cel04213	Longevity regulating pathway - multiple species - Caenorhabditis elegans (nematode)	mmu04213	Longevity regulating pathway - multiple species - Mus musculus (mouse)	dme04213	Longevity regulating pathway - multiple species - Drosophila melanogaster (fruit fly)
04214	map04214	Apoptosis - fly							dme04214	Apoptosis - fly - Drosophila melanogaster (fruit fly)
04215	map04215	Apoptosis - multiple species	hsa04215	Apoptosis - multiple species - Homo sapiens (human)	cel04215	Apoptosis - multiple species - Caenorhabditis elegans (nematode)	mmu04215	Apoptosis - multiple species - Mus musculus (mouse)	dme04215	Apoptosis - multiple species - Drosophila melanogaster (fruit fly)
04216	map04216	Ferroptosis	hsa04216	Ferroptosis - Homo sapiens (human)			mmu04216	Ferroptosis - Mus musculus (mouse)		
04217	map04217	Necroptosis	hsa04217	Necroptosis - Homo sapiens (human)			mmu04217	Necroptosis - Mus musculus (mouse)		
04218	map04218	Cellular senescence	hsa04218	Cellular senescence - Homo sapiens (human)			mmu04218	Cellular senescence - Mus musculus (mouse)		
04260	map04260	Cardiac muscle contraction	hsa04260	Cardiac muscle contraction - Homo sapiens (human)			mmu04260	Cardiac muscle contraction - Mus musculus (mouse)		
04261	map04261	Adrenergic signaling in cardiomyocytes	hsa04261	Adrenergic signaling in cardiomyocytes - Homo sapiens (human)			mmu04261	Adrenergic signaling in cardiomyocytes - Mus musculus (mouse)		
04270	map04270	Vascular smooth muscle contraction	hsa04270	Vascular smooth muscle contraction - Homo sapiens (human)			mmu04270	Vascular smooth muscle contraction - Mus musculus (mouse)		
04310	map04310	Wnt signaling pathway	hsa04310	Wnt signaling pathway - Homo sapiens (human)	cel04310	Wnt signaling pathway - Caenorhabditis elegans (nematode)	mmu04310	Wnt signaling pathway - Mus musculus (mouse)	dme04310	Wnt signaling pathway - Drosophila melanogaster (fruit fly)
04320	map04320	Dorso-ventral axis formation							dme04320	Dorso-ventral axis formation - Drosophila melanogaster (fruit fly)
04330	map04330	Notch signaling pathway	hsa04330	Notch signaling pathway - Homo sapiens (human)	cel04330	Notch signaling pathway - Caenorhabditis elegans (nematode)	mmu04330	Notch signaling pathway - Mus musculus (mouse)	dme04330	Notch signaling pathway - Drosophila melanogaster (fruit fly)
04340	map04340	Hedgehog signaling pathway	hsa04340	Hedgehog signaling pathway - Homo sapiens (human)			mmu04340	Hedgehog signaling pathway - Mus musculus (mouse)		
04341	map04341	Hedgehog signaling pathway - fly							dme04341	Hedgehog signaling pathway - fly - Drosophila melanogaster (fruit fly)
04350	map04350	TGF-beta signaling pathway	hsa04350	TGF-beta signaling pathway - Homo sapiens (human)	cel04350	TGF-beta signaling pathway - Caenorhabditis elegans (nematode)	mmu04350	TGF-beta signaling pathway - Mus musculus (mouse)	dme04350	TGF-beta signaling pathway - Drosophila melanogaster (fruit fly)
04360	map04360	Axon guidance	hsa04360	Axon guidance - Homo sapiens (human)			mmu04360	Axon guidance - Mus musculus (mouse)		
04361	map04361	Axon regeneration			cel04361	Axon regeneration - Caenorhabditis elegans (nematode)				
04370	map04370	VEGF signaling pathway	hsa04370	VEGF signaling pathway - Homo sapiens (human)			mmu04370	VEGF signaling pathway - Mus musculus (mouse)		
04371	map04371	Apelin signaling pathway	hsa04371	Apelin signaling pathway - Homo sapiens (human)			mmu04371	Apelin signaling pathway - Mus musculus (mouse)		
04380	map04380	Osteoclast differentiation	hsa04380	Osteoclast differentiation - Homo sapiens (human)			mmu04380	Osteoclast differentiation - Mus musculus (mouse)		
04390	map04390	Hippo signaling pathway	hsa04390	Hippo signaling pathway - Homo sapiens (human)			mmu04390	Hippo signaling pathway - Mus musculus (mouse)		
04391	map04391	Hippo signaling pathway - fly							dme04391	Hippo signaling pathway - fly - Drosophila melanogaster (fruit fly)
04392	map04392	Hippo signaling pathway - multiple species	hsa04392	Hippo signaling pathway - multiple species - Homo sapiens (human)	cel04392	Hippo signaling pathway - multiple species - Caenorhabditis elegans (nematode)	mmu04392	Hippo signaling pathway - multiple species - Mus musculus (mouse)	dme04392	Hippo signaling pathway - multiple species - Drosophila melanogaster (fruit fly)
04510	map04510	Focal adhesion	hsa04510	Focal adhesion - Homo sapiens (human)			mmu04510	Focal adhesion - Mus musculus (mouse)		
04512	map04512	ECM-receptor interaction	hsa04512	ECM-receptor interaction - Homo sapiens (human)	cel04512	ECM-receptor interaction - Caenorhabditis elegans (nematode)	mmu04512	ECM-receptor interaction - Mus musculus (mouse)	dme04512	ECM-receptor interaction - Drosophila melanogaster (fruit fly)
04514	map04514	Cell adhesion molecules	hsa04514	Cell adhesion molecules - Homo sapiens (human)			mmu04514	Cell adhesion molecules - Mus musculus (mouse)		
04520	map04520	Adherens junction	hsa04520	Adherens junction - Homo sapiens (human)			mmu04520	Adherens junction - Mus musculus (mouse)		
04530	map04530	Tight junction	hsa04530	Tight junction - Homo sapiens (human)			mmu04530	Tight junction - Mus musculus (mouse)		
04540	map04540	Gap junction	hsa04540	Gap junction - Homo sapiens (human)			mmu04540	Gap junction - Mus musculus (mouse)		
04550	map04550	Signaling pathways regulating pluripotency of stem cells	hsa04550	Signaling pathways regulating pluripotency of stem cells - Homo sapiens (human)			mmu04550	Signaling pathways regulating pluripotency of stem cells - Mus musculus (mouse)		
04610	map04610	Complement and coagulation cascades	hsa04610	Complement and coagulation cascades - Homo sapiens (human)			mmu04610	Complement and coagulation cascades - Mus musculus (mouse)		
04611	map04611	Platelet activation	hsa04611	Platelet activation - Homo sapiens (human)			mmu04611	Platelet activation - Mus musculus (mouse)		
04612	map04612	Antigen processing and presentation	hsa04612	Antigen processing and presentation - Homo sapiens (human)			mmu04612	Antigen processing and presentation - Mus musculus (mouse)		
04614	map04614	Renin-angiotensin system	hsa04614	Renin-angiotensin system - Homo sapiens (human)			mmu04614	Renin-angiotensin system - Mus musculus (mouse)		
04620	map04620	Toll-like receptor signaling pathway	hsa04620	Toll-like receptor signaling pathway - Homo sapiens (human)			mmu04620	Toll-like receptor signaling pathway - Mus musculus (mouse)		
04621	map04621	NOD-like receptor signaling pathway	hsa04621	NOD-like receptor signaling pathway - Homo sapiens (human)			mmu04621	NOD-like receptor signaling pathway - Mus musculus (mouse)		
04622	map04622	RIG-I-like receptor signaling pathway	hsa04622	RIG-I-like receptor signaling pathway - Homo sapiens (human)			mmu04622	RIG-I-like receptor signaling pathway - Mus musculus (mouse)		
04623	map04623	Cytosolic DNA-sensing pathway	hsa04623	Cytosolic DNA-sensing pathway - Homo sapiens (human)			mmu04623	Cytosolic DNA-sensing pathway - Mus musculus (mouse)		
04624	map04624	Toll and Imd signaling pathway							dme04624	Toll and Imd signaling pathway - Drosophila melanogaster (fruit fly)
04625	map04625	C-type lectin receptor signaling pathway	hsa04625	C-type lectin receptor signaling pathway - Homo sapiens (human)			mmu04625	C-type lectin receptor signaling pathway - Mus musculus (mouse)		
04626	map04626	Plant-pathogen interaction								
04630	map04630	JAK-STAT signaling pathway	hsa04630	JAK-STAT signaling pathway - Homo sapiens (human)			mmu04630	JAK-STAT signaling pathway - Mus musculus (mouse)		
04640	map04640	Hematopoietic cell lineage	hsa04640	Hematopoietic cell lineage - Homo sapiens (human)			mmu04640	Hematopoietic cell lineage - Mus musculus (mouse)		
04650	map04650	Natural killer cell mediated cytotoxicity	hsa04650	Natural killer cell mediated cytotoxicity - Homo sapiens (human)			mmu04650	Natural killer cell mediated cytotoxicity - Mus musculus (mouse)		
04657	map04657	IL-17 signaling pathway	hsa04657	IL-17 signaling pathway - Homo sapiens (human)			mmu04657	IL-17 signaling pathway - Mus musculus (mouse)		
04658	map04658	Th1 and Th2 cell differentiation	hsa04658	Th1 and Th2 cell differentiation - Homo sapiens (human)			mmu04658	Th1 and Th2 cell differentiation - Mus musculus (mouse)		
04659	map04659	Th17 cell differentiation	hsa04659	Th17 cell differentiation - Homo sapiens (human)			mmu04659	Th17 cell differentiation - Mus musculus (mouse)		
04660	map04660	T cell receptor signaling pathway	hsa04660	T cell receptor signaling pathway - Homo sapiens (human)			mmu04660	T cell receptor signaling pathway - Mus musculus (mouse)		
04662	map04662	B cell receptor signaling pathway	hsa04662	B cell receptor signaling pathway - Homo sapiens (human)			mmu04662	B cell receptor signaling pathway - Mus musculus (mouse)		
04664	map04664	Fc epsilon RI signaling pathway	hsa04664	Fc epsilon RI signaling pathway - Homo sapiens (human)			mmu04664	Fc epsilon RI signaling pathway - Mus musculus (mouse)		
04666	map04666	Fc gamma R-mediated phagocytosis	hsa04666	Fc gamma R-mediated phagocytosis - Homo sapiens (human)			mmu04666	Fc gamma R-mediated phagocytosis - Mus musculus (mouse)		
04668	map04668	TNF signaling pathway	hsa04668	TNF signaling pathway - Homo sapiens (human)			mmu04668	TNF signaling pathway - Mus musculus (mouse)		
04670	map04670	Leukocyte transendothelial migration	hsa04670	Leukocyte transendothelial migration - Homo sapiens (human)			mmu04670	Leukocyte transendothelial migration - Mus musculus (mouse)		
04672	map04672	Intestinal immune network for IgA production	hsa04672	Intestinal immune network for IgA production - Homo sapiens (human)			mmu04672	Intestinal immune network for IgA production - Mus musculus (mouse)		
04710	map04710	Circadian rhythm	hsa04710	Circadian rhythm - Homo sapiens (human)			mmu04710	Circadian rhythm - Mus musculus (mouse)		
04711	map04711	Circadian rhythm - fly							dme04711	Circadian rhythm - fly - Drosophila melanogaster (fruit fly)
04712	map04712	Circadian rhythm - plant								
04713	map04713	Circadian entrainment	hsa04713	Circadian entrainment - Homo sapiens (human)			mmu04713	Circadian entrainment - Mus musculus (mouse)		
04714	map04714	Thermogenesis	hsa04714	Thermogenesis - Homo sapiens (human)			mmu04714	Thermogenesis - Mus musculus (mouse)		
04720	map04720	Long-term potentiation	hsa04720	Long-term potentiation - Homo sapiens (human)			mmu04720	Long-term potentiation - Mus musculus (mouse)		
04721	map04721	Synaptic vesicle cycle	hsa04721	Synaptic vesicle cycle - Homo sapiens (human)			mmu04721	Synaptic vesicle cycle - Mus musculus (mouse)		
04722	map04722	Neurotrophin signaling pathway	hsa04722	Neurotrophin signaling pathway - Homo sapiens (human)			mmu04722	Neurotrophin signaling pathway - Mus musculus (mouse)		
04723	map04723	Retrograde endocannabinoid signaling	hsa04723	Retrograde endocannabinoid signaling - Homo sapiens (human)			mmu04723	Retrograde endocannabinoid signaling - Mus musculus (mouse)		
04724	map04724	Glutamatergic synapse	hsa04724	Glutamatergic synapse - Homo sapiens (human)			mmu04724	Glutamatergic synapse - Mus musculus (mouse)		
04725	map04725	Cholinergic synapse	hsa04725	Cholinergic synapse - Homo sapiens (human)			mmu04725	Cholinergic synapse - Mus musculus (mouse)		
04726	map04726	Serotonergic synapse	hsa04726	Serotonergic synapse - Homo sapiens (human)			mmu04726	Serotonergic synapse - Mus musculus (mouse)		
04727	map04727	GABAergic synapse	hsa04727	GABAergic synapse - Homo sapiens (human)			mmu04727	GABAergic synapse - Mus musculus (mouse)		
04728	map04728	Dopaminergic synapse	hsa04728	Dopaminergic synapse - Homo sapiens (human)			mmu04728	Dopaminergic synapse - Mus musculus (mouse)		
04730	map04730	Long-term depression	hsa04730	Long-term depression - Homo sapiens (human)			mmu04730	Long-term depression - Mus musculus (mouse)		
04740	map04740	Olfactory transduction	hsa04740	Olfactory transduction - Homo sapiens (human)			mmu04740	Olfactory transduction - Mus musculus (mouse)		
04742	map04742	Taste transduction	hsa04742	Taste transduction - Homo sapiens (human)			mmu04742	Taste transduction - Mus musculus (mouse)		
04744	map04744	Phototransduction	hsa04744	Phototransduction - Homo sapiens (human)			mmu04744	Phototransduction - Mus musculus (mouse)		
04745	map04745	Phototransduction - fly							dme04745	Phototransduction - fly - Drosophila melanogaster (fruit fly)
04750	map04750	Inflammatory mediator regulation of TRP channels	hsa04750	Inflammatory mediator regulation of TRP channels - Homo sapiens (human)			mmu04750	Inflammatory mediator regulation of TRP channels - Mus musculus (mouse)		
04810	map04810	Regulation of actin cytoskeleton	hsa04810	Regulation of actin cytoskeleton - Homo sapiens (human)			mmu04810	Regulation of actin cytoskeleton - Mus musculus (mouse)		
04910	map04910	Insulin signaling pathway	hsa04910	Insulin signaling pathway - Homo sapiens (human)			mmu04910	Insulin signaling pathway - Mus musculus (mouse)		
04911	map04911	Insulin secretion	hsa04911	Insulin secretion - Homo sapiens (human)			mmu04911	Insulin secretion - Mus musculus (mouse)		
04912	map04912	GnRH signaling pathway	hsa04912	GnRH signaling pathway - Homo sapiens (human)			mmu04912	GnRH signaling pathway - Mus musculus (mouse)		
04913	map04913	Ovarian steroidogenesis	hsa04913	Ovarian steroidogenesis - Homo sapiens (human)			mmu04913	Ovarian steroidogenesis - Mus musculus (mouse)		
04914	map04914	Progesterone-mediated oocyte maturation	hsa04914	Progesterone-mediated oocyte maturation - Homo sapiens (human)			mmu04914	Progesterone-mediated oocyte maturation - Mus musculus (mouse)		
04915	map04915	Estrogen signaling pathway	hsa04915	Estrogen signaling pathway - Homo sapiens (human)			mmu04915	Estrogen signaling pathway - Mus musculus (mouse)		
04916	map04916	Melanogenesis	hsa04916	Melanogenesis - Homo sapiens (human)			mmu04916	Melanogenesis - Mus musculus (mouse)		
04917	map04917	Prolactin signaling pathway	hsa04917	Prolactin signaling pathway - Homo sapiens (human)			mmu04917	Prolactin signaling pathway - Mus musculus (mouse)		
04918	map04918	Thyroid hormone synthesis	hsa04918	Thyroid hormone synthesis - Homo sapiens (human)			mmu04918	Thyroid hormone synthesis - Mus musculus (mouse)		
04919	map04919	Thyroid hormone signaling pathway	hsa04919	Thyroid hormone signaling pathway - Homo sapiens (human)			mmu04919	Thyroid hormone signaling pathway - Mus musculus (mouse)		
04920	map04920	Adipocytokine signaling pathway	hsa04920	Adipocytokine signaling pathway - Homo sapiens (human)			mmu04920	Adipocytokine signaling pathway - Mus musculus (mouse)		
04921	map04921	Oxytocin signaling pathway	hsa04921	Oxytocin signaling pathway - Homo sapiens (human)			mmu04921	Oxytocin signaling pathway - Mus musculus (mouse)		
04922	map04922	Glucagon signaling pathway	hsa04922	Glucagon signaling pathway - Homo sapiens (human)			mmu04922	Glucagon signaling pathway - Mus musculus (mouse)		
04923	map04923	Regulation of lipolysis in adipocytes	hsa04923	Regulation of lipolysis in adipocytes - Homo sapiens (human)			mmu04923	Regulation of lipolysis in adipocytes - Mus musculus (mouse)		
04924	map04924	Renin secretion	hsa04924	Renin secretion - Homo sapiens (human)			mmu04924	Renin secretion - Mus musculus (mouse)		
04925	map04925	Aldosterone synthesis and secretion	hsa04925	Aldosterone synthesis and secretion - Homo sapiens (human)			mmu04925	Aldosterone synthesis and secretion - Mus musculus (mouse)		
04926	map04926	Relaxin signaling pathway	hsa04926	Relaxin signaling pathway - Homo sapiens (human)			mmu04926	Relaxin signaling pathway - Mus musculus (mouse)		
04927	map04927	Cortisol synthesis and secretion	hsa04927	Cortisol synthesis and secretion - Homo sapiens (human)			mmu04927	Cortisol synthesis and secretion - Mus musculus (mouse)		
04928	map04928	Parathyroid hormone synthesis, secretion and action	hsa04928	Parathyroid hormone synthesis, secretion and action - Homo sapiens (human)			mmu04928	Parathyroid hormone synthesis, secretion and action - Mus musculus (mouse)		
04929	map04929	GnRH secretion	hsa04929	GnRH secretion - Homo sapiens (human)			mmu04929	GnRH secretion - Mus musculus (mouse)		
04930	map04930	Type II diabetes mellitus	hsa04930	Type II diabetes mellitus - Homo sapiens (human)			mmu04930	Type II diabetes mellitus - Mus musculus (mouse)		
04931	map04931	Insulin resistance	hsa04931	Insulin resistance - Homo sapiens (human)			mmu04931	Insulin resistance - Mus musculus (mouse)		
04932	map04932	Non-alcoholic fatty liver disease	hsa04932	Non-alcoholic fatty liver disease - Homo sapiens (human)			mmu04932	Non-alcoholic fatty liver disease - Mus musculus (mouse)		
04933	map04933	AGE-RAGE signaling pathway in diabetic complications	hsa04933	AGE-RAGE signaling pathway in diabetic complications - Homo sapiens (human)			mmu04933	AGE-RAGE signaling pathway in diabetic complications - Mus musculus (mouse)		
04934	map04934	Cushing syndrome	hsa04934	Cushing syndrome - Homo sapiens (human)			mmu04934	Cushing syndrome - Mus musculus (mouse)		
04935	map04935	Growth hormone synthesis, secretion and action	hsa04935	Growth hormone synthesis, secretion and action - Homo sapiens (human)			mmu04935	Growth hormone synthesis, secretion and action - Mus musculus (mouse)		
04940	map04940	Type I diabetes mellitus	hsa04940	Type I diabetes mellitus - Homo sapiens (human)			mmu04940	Type I diabetes mellitus - Mus musculus (mouse)		
04950	map04950	Maturity onset diabetes of the young	hsa04950	Maturity onset diabetes of the young - Homo sapiens (human)			mmu04950	Maturity onset diabetes of the young - Mus musculus (mouse)		
04960	map04960	Aldosterone-regulated sodium reabsorption	hsa04960	Aldosterone-regulated sodium reabsorption - Homo sapiens (human)			mmu04960	Aldosterone-regulated sodium reabsorption - Mus musculus (mouse)		
04961	map04961	Endocrine and other factor-regulated calcium reabsorption	hsa04961	Endocrine and other factor-regulated calcium reabsorption - Homo sapiens (human)			mmu04961	Endocrine and other factor-regulated calcium reabsorption - Mus musculus (mouse)		
04962	map04962	Vasopressin-regulated water reabsorption	hsa04962	Vasopressin-regulated water reabsorption - Homo sapiens (human)			mmu04962	Vasopressin-regulated water reabsorption - Mus musculus (mouse)		
04964	map04964	Proximal tubule bicarbonate reclamation	hsa04964	Proximal tubule bicarbonate reclamation - Homo sapiens (human)			mmu04964	Proximal tubule bicarbonate reclamation - Mus musculus (mouse)		
04966	map04966	Collecting duct acid secretion	hsa04966	Collecting duct acid secretion - Homo sapiens (human)			mmu04966	Collecting duct acid secretion - Mus musculus (mouse)		
04970	map04970	Salivary secretion	hsa04970	Salivary secretion - Homo sapiens (human)			mmu04970	Salivary secretion - Mus musculus (mouse)		
04971	map04971	Gastric acid secretion	hsa04971	Gastric acid secretion - Homo sapiens (human)			mmu04971	Gastric acid secretion - Mus musculus (mouse)		
04972	map04972	Pancreatic secretion	hsa04972	Pancreatic secretion - Homo sapiens (human)			mmu04972	Pancreatic secretion - Mus musculus (mouse)		
04973	map04973	Carbohydrate digestion and absorption	hsa04973	Carbohydrate digestion and absorption - Homo sapiens (human)			mmu04973	Carbohydrate digestion and absorption - Mus musculus (mouse)		
04974	map04974	Protein digestion and absorption	hsa04974	Protein digestion and absorption - Homo sapiens (human)			mmu04974	Protein digestion and absorption - Mus musculus (mouse)		
04975	map04975	Fat digestion and absorption	hsa04975	Fat digestion and absorption - Homo sapiens (human)			mmu04975	Fat digestion and absorption - Mus musculus (mouse)		
04976	map04976	Bile secretion	hsa04976	Bile secretion - Homo sapiens (human)			mmu04976	Bile secretion - Mus musculus (mouse)		
04977	map04977	Vitamin digestion and absorption	hsa04977	Vitamin digestion and absorption - Homo sapiens (human)			mmu04977	Vitamin digestion and absorption - Mus musculus (mouse)		
04978	map04978	Mineral absorption	hsa04978	Mineral absorption - Homo sapiens (human)			mmu04978	Mineral absorption - Mus musculus (mouse)		
04979	map04979	Cholesterol metabolism	hsa04979	Cholesterol metabolism - Homo sapiens (human)			mmu04979	Cholesterol metabolism - Mus musculus (mouse)		
05010	map05010	Alzheimer disease	hsa05010	Alzheimer disease - Homo sapiens (human)			mmu05010	Alzheimer disease - Mus musculus (mouse)		
05012	map05012	Parkinson disease	hsa05012	Parkinson disease - Homo sapiens (human)			mmu05012	Parkinson disease - Mus musculus (mouse)		
05014	map05014	Amyotrophic lateral sclerosis	hsa05014	Amyotrophic lateral sclerosis - Homo sapiens (human)			mmu05014	Amyotrophic lateral sclerosis - Mus musculus (mouse)		
05016	map05016	Huntington disease	hsa05016	Huntington disease - Homo sapiens (human)			mmu05016	Huntington disease - Mus musculus (mouse)		
05017	map05017	Spinocerebellar ataxia	hsa05017	Spinocerebellar ataxia - Homo sapiens (human)			mmu05017	Spinocerebellar ataxia - Mus musculus (mouse)		
05020	map05020	Prion disease	hsa05020	Prion disease - Homo sapiens (human)			mmu05020	Prion disease - Mus musculus (mouse)		
05030	map05030	Cocaine addiction	hsa05030	Cocaine addiction - Homo sapiens (human)			mmu05030	Cocaine addiction - Mus musculus (mouse)		
05031	map05031	Amphetamine addiction	hsa05031	Amphetamine addiction - Homo sapiens (human)			mmu05031	Amphetamine addiction - Mus musculus (mouse)		
05032	map05032	Morphine addiction	hsa05032	Morphine addiction - Homo sapiens (human)			mmu05032	Morphine addiction - Mus musculus (mouse)		
05033	map05033	Nicotine addiction	hsa05033	Nicotine addiction - Homo sapiens (human)			mmu05033	Nicotine addiction - Mus musculus (mouse)		
05034	map05034	Alcoholism	hsa05034	Alcoholism - Homo sapiens (human)			mmu05034	Alcoholism - Mus musculus (mouse)		
05100	map05100	Bacterial invasion of epithelial cells	hsa05100	Bacterial invasion of epithelial cells - Homo sapiens (human)			mmu05100	Bacterial invasion of epithelial cells - Mus musculus (mouse)		
05110	map05110	Vibrio cholerae infection	hsa05110	Vibrio cholerae infection - Homo sapiens (human)						
05111	map05111	Biofilm formation - Vibrio cholerae								
05120	map05120	Epithelial cell signaling in Helicobacter pylori infection	hsa05120	Epithelial cell signaling in Helicobacter pylori infection - Homo sapiens (human)						
05130	map05130	Pathogenic Escherichia coli infection	hsa05130	Pathogenic Escherichia coli infection - Homo sapiens (human)						
05131	map05131	Shigellosis	hsa05131	Shigellosis - Homo sapiens (human)						
05132	map05132	Salmonella infection	hsa05132	Salmonella infection - Homo sapiens (human)			mmu05132	Salmonella infection - Mus musculus (mouse)		
05133	map05133	Pertussis	hsa05133	Pertussis - Homo sapiens (human)			mmu05133	Pertussis - Mus musculus (mouse)		
05134	map05134	Legionellosis	hsa05134	Legionellosis - Homo sapiens (human)			mmu05134	Legionellosis - Mus musculus (mouse)		
05135	map05135	Yersinia infection	hsa05135	Yersinia infection - Homo sapiens (human)			mmu05135	Yersinia infection - Mus musculus (mouse)		
05140	map05140	Leishmaniasis	hsa05140	Leishmaniasis - Homo sapiens (human)			mmu05140	Leishmaniasis - Mus musculus (mouse)		
05142	map05142	Chagas disease	hsa05142	Chagas disease - Homo sapiens (human)			mmu05142	Chagas disease - Mus musculus (mouse)		
05143	map05143	African trypanosomiasis	hsa05143	African trypanosomiasis - Homo sapiens (human)			mmu05143	African trypanosomiasis - Mus musculus (mouse)		
05144	map05144	Malaria	hsa05144	Malaria - Homo sapiens (human)			mmu05144	Malaria - Mus musculus (mouse)		
05145	map05145	Toxoplasmosis	hsa05145	Toxoplasmosis - Homo sapiens (human)			mmu05145	Toxoplasmosis - Mus musculus (mouse)		
05146	map05146	Amoebiasis	hsa05146	Amoebiasis - Homo sapiens (human)			mmu05146	Amoebiasis - Mus musculus (mouse)		
05150	map05150	Staphylococcus aureus infection	hsa05150	Staphylococcus aureus infection - Homo sapiens (human)			mmu05150	Staphylococcus aureus infection - Mus musculus (mouse)		
05152	map05152	Tuberculosis	hsa05152	Tuberculosis - Homo sapiens (human)			mmu05152	Tuberculosis - Mus musculus (mouse)		
05160	map05160	Hepatitis C	hsa05160	Hepatitis C - Homo sapiens (human)			mmu05160	Hepatitis C - Mus musculus (mouse)		
05161	map05161	Hepatitis B	hsa05161	Hepatitis B - Homo sapiens (human)			mmu05161	Hepatitis B - Mus musculus (mouse)		
05162	map05162	Measles	hsa05162	Measles - Homo sapiens (human)			mmu05162	Measles - Mus musculus (mouse)		
05163	map05163	Human cytomegalovirus infection	hsa05163	Human cytomegalovirus infection - Homo sapiens (human)			mmu05163	Human cytomegalovirus infection - Mus musculus (mouse)		
05164	map05164	Influenza A	hsa05164	Influenza A - Homo sapiens (human)			mmu05164	Influenza A - Mus musculus (mouse)		
05165	map05165	Human papillomavirus infection	hsa05165	Human papillomavirus infection - Homo sapiens (human)			mmu05165	Human papillomavirus infection - Mus musculus (mouse)		
05166	map05166	Human T-cell leukemia virus 1 infection	hsa05166	Human T-cell leukemia virus 1 infection - Homo sapiens (human)			mmu05166	Human T-cell leukemia virus 1 infection - Mus musculus (mouse)		
05167	map05167	Kaposi sarcoma-associated herpesvirus infection	hsa05167	Kaposi sarcoma-associated herpesvirus infection - Homo sapiens (human)			mmu05167	Kaposi sarcoma-associated herpesvirus infection - Mus musculus (mouse)		
05168	map05168	Herpes simplex virus 1 infection	hsa05168	Herpes simplex virus 1 infection - Homo sapiens (human)			mmu05168	Herpes simplex virus 1 infection - Mus musculus (mouse)		
05169	map05169	Epstein-Barr virus infection	hsa05169	Epstein-Barr virus infection - Homo sapiens (human)			mmu05169	Epstein-Barr virus infection - Mus musculus (mouse)		
05170	map05170	Human immunodeficiency virus 1 infection	hsa05170	Human immunodeficiency virus 1 infection - Homo sapiens (human)			mmu05170	Human immunodeficiency virus 1 infection - Mus musculus (mouse)		
05200	map05200	Pathways in cancer	hsa05200	Pathways in cancer - Homo sapiens (human)			mmu05200	Pathways in cancer - Mus musculus (mouse)		
05202	map05202	Transcriptional misregulation in cancer	hsa05202	Transcriptional misregulation in cancer - Homo sapiens (human)			mmu05202	Transcriptional misregulation in cancer - Mus musculus (mouse)		
05203	map05203	Viral carcinogenesis	hsa05203	Viral carcinogenesis - Homo sapiens (human)			mmu05203	Viral carcinogenesis - Mus musculus (mouse)		
05204	map05204	Chemical carcinogenesis	hsa05204	Chemical carcinogenesis - Homo sapiens (human)			mmu05204	Chemical carcinogenesis - Mus musculus (mouse)		
05205	map05205	Proteoglycans in cancer	hsa05205	Proteoglycans in cancer - Homo sapiens (human)			mmu05205	Proteoglycans in cancer - Mus musculus (mouse)		
05206	map05206	MicroRNAs in cancer	hsa05206	MicroRNAs in cancer - Homo sapiens (human)			mmu05206	MicroRNAs in cancer - Mus musculus (mouse)		
05210	map05210	Colorectal cancer	hsa05210	Colorectal cancer - Homo sapiens (human)			mmu05210	Colorectal cancer - Mus musculus (mouse)		
05211	map05211	Renal cell carcinoma	hsa05211	Renal cell carcinoma - Homo sapiens (human)			mmu05211	Renal cell carcinoma - Mus musculus (mouse)		
05212	map05212	Pancreatic cancer	hsa05212	Pancreatic cancer - Homo sapiens (human)			mmu05212	Pancreatic cancer - Mus musculus (mouse)		
05213	map05213	Endometrial cancer	hsa05213	Endometrial cancer - Homo sapiens (human)			mmu05213	Endometrial cancer - Mus musculus (mouse)		
05214	map05214	Glioma	hsa05214	Glioma - Homo sapiens (human)			mmu05214	Glioma - Mus musculus (mouse)		
05215	map05215	Prostate cancer	hsa05215	Prostate cancer - Homo sapiens (human)			mmu05215	Prostate cancer - Mus musculus (mouse)		
05216	map05216	Thyroid cancer	hsa05216	Thyroid cancer - Homo sapiens (human)			mmu05216	Thyroid cancer - Mus musculus (mouse)		
05217	map05217	Basal cell carcinoma	hsa05217	Basal cell carcinoma - Homo sapiens (human)			mmu05217	Basal cell carcinoma - Mus musculus (mouse)		
05218	map05218	Melanoma	hsa05218	Melanoma - Homo sapiens (human)			mmu05218	Melanoma - Mus musculus (mouse)		
05219	map05219	Bladder cancer	hsa05219	Bladder cancer - Homo sapiens (human)			mmu05219	Bladder cancer - Mus musculus (mouse)		
05220	map05220	Chronic myeloid leukemia	hsa05220	Chronic myeloid leukemia - Homo sapiens (human)			mmu05220	Chronic myeloid leukemia - Mus musculus (mouse)		
05221	map05221	Acute myeloid leukemia	hsa05221	Acute myeloid leukemia - Homo sapiens (human)			mmu05221	Acute myeloid leukemia - Mus musculus (mouse)		
05222	map05222	Small cell lung cancer	hsa05222	Small cell lung cancer - Homo sapiens (human)			mmu05222	Small cell lung cancer - Mus musculus (mouse)		
05223	map05223	Non-small cell lung cancer	hsa05223	Non-small cell lung cancer - Homo sapiens (human)			mmu05223	Non-small cell lung cancer - Mus musculus (mouse)		
05224	map05224	Breast cancer	hsa05224	Breast cancer - Homo sapiens (human)			mmu05224	Breast cancer - Mus musculus (mouse)		
05225	map05225	Hepatocellular carcinoma	hsa05225	Hepatocellular carcinoma - Homo sapiens (human)			mmu05225	Hepatocellular carcinoma - Mus musculus (mouse)		
05226	map05226	Gastric cancer	hsa05226	Gastric cancer - Homo sapiens (human)			mmu05226	Gastric cancer - Mus musculus (mouse)		
05230	map05230	Central carbon metabolism in cancer	hsa05230	Central carbon metabolism in cancer - Homo sapiens (human)			mmu05230	Central carbon metabolism in cancer - Mus musculus (mouse)		
05231	map05231	Choline metabolism in cancer	hsa05231	Choline metabolism in cancer - Homo sapiens (human)			mmu05231	Choline metabolism in cancer - Mus musculus (mouse)		
05235	map05235	PD-L1 expression and PD-1 checkpoint pathway in cancer	hsa05235	PD-L1 expression and PD-1 checkpoint pathway in cancer - Homo sapiens (human)			mmu05235	PD-L1 expression and PD-1 checkpoint pathway in cancer - Mus musculus (mouse)		
05310	map05310	Asthma	hsa05310	Asthma - Homo sapiens (human)			mmu05310	Asthma - Mus musculus (mouse)		
05320	map05320	Autoimmune thyroid disease	hsa05320	Autoimmune thyroid disease - Homo sapiens (human)			mmu05320	Autoimmune thyroid disease - Mus musculus (mouse)		
05321	map05321	Inflammatory bowel disease	hsa05321	Inflammatory bowel disease - Homo sapiens (human)			mmu05321	Inflammatory bowel disease - Mus musculus (mouse)		
05322	map05322	Systemic lupus erythematosus	hsa05322	Systemic lupus erythematosus - Homo sapiens (human)			mmu05322	Systemic lupus erythematosus - Mus musculus (mouse)		
05323	map05323	Rheumatoid arthritis	hsa05323	Rheumatoid arthritis - Homo sapiens (human)			mmu05323	Rheumatoid arthritis - Mus musculus (mouse)		
05330	map05330	Allograft rejection	hsa05330	Allograft rejection - Homo sapiens (human)			mmu05330	Allograft rejection - Mus musculus (mouse)		
05332	map05332	Graft-versus-host disease	hsa05332	Graft-versus-host disease - Homo sapiens (human)			mmu05332	Graft-versus-host disease - Mus musculus (mouse)		
05340	map05340	Primary immunodeficiency	hsa05340	Primary immunodeficiency - Homo sapiens (human)			mmu05340	Primary immunodeficiency - Mus musculus (mouse)		
05410	map05410	Hypertrophic cardiomyopathy	hsa05410	Hypertrophic cardiomyopathy - Homo sapiens (human)			mmu05410	Hypertrophic cardiomyopathy - Mus musculus (mouse)		
05412	map05412	Arrhythmogenic right ventricular cardiomyopathy	hsa05412	Arrhythmogenic right ventricular cardiomyopathy - Homo sapiens (human)			mmu05412	Arrhythmogenic right ventricular cardiomyopathy - Mus musculus (mouse)		
05414	map05414	Dilated cardiomyopathy	hsa05414	Dilated cardiomyopathy - Homo sapiens (human)			mmu05414	Dilated cardiomyopathy - Mus musculus (mouse)		
05416	map05416	Viral myocarditis	hsa05416	Viral myocarditis - Homo sapiens (human)			mmu05416	Viral myocarditis - Mus musculus (mouse)		
05418	map05418	Fluid shear stress and atherosclerosis	hsa05418	Fluid shear stress and atherosclerosis - Homo sapiens (human)			mmu05418	Fluid shear stress and atherosclerosis - Mus musculus (mouse)		
07011	map07011	Penicillins								
07012	map07012	Cephalosporins - parenteral agents								
07013	map07013	Cephalosporins - oral agents								
07014	map07014	Quinolones								
07015	map07015	Local analgesics								
07016	map07016	Sulfonamide derivatives - sulfa drugs								
07017	map07017	Sulfonamide derivatives - diuretics								
07018	map07018	Sulfonamide derivatives - hypoglycemic agents								
07019	map07019	Tetracyclines								
07020	map07020	Macrolides and ketolides								
07021	map07021	Aminoglycosides								
07023	map07023	Rifamycins								
07024	map07024	HMG-CoA reductase inhibitors								
07025	map07025	Quinolines								
07026	map07026	Antifungal agents								
07027	map07027	Antidepressants								
07028	map07028	Antipsychotics								
07029	map07029	Antipsychotics - phenothiazines								
07030	map07030	Anxiolytics								
07031	map07031	Antipsychotics - butyrophenones								
07032	map07032	Hypnotics								
07033	map07033	Anticonvulsants								
07034	map07034	Eicosanoids								
07035	map07035	Prostaglandins								
07036	map07036	Calcium channel blocking drugs								
07037	map07037	Antiarrhythmic drugs								
07038	map07038	Antiulcer drugs								
07039	map07039	Opioid analgesics								
07040	map07040	Antineoplastics - alkylating agents								
07041	map07041	Antineoplastics - antimetabolic agents								
07042	map07042	Antineoplastics - agents from natural products								
07043	map07043	Antineoplastics - hormones								
07044	map07044	Antiviral agents								
07045	map07045	Antineoplastics - protein kinase inhibitors								
07046	map07046	Immunosuppressive agents								
07047	map07047	Osteoporosis drugs								
07048	map07048	Antimigraines								
07049	map07049	Antithrombosis agents								
07050	map07050	Antirheumatics - DMARDs and biological agents								
07051	map07051	Antidiabetics								
07052	map07052	Antidyslipidemic agents								
07053	map07053	Anti-HIV agents								
07054	map07054	Antiglaucoma agents								
07055	map07055	Sulfonamide derivatives - overview								
07056	map07056	Agents for Alzheimer-type dementia								
07057	map07057	Antiparkinsonian agents								
07110	map07110	Benzoic acid family								
07112	map07112	1,2-Diphenyl substitution family								
07114	map07114	Naphthalene family								
07117	map07117	Benzodiazepine family								
07211	map07211	Serotonin receptor agonists/antagonists								
07212	map07212	Histamine H1 receptor antagonists								
07213	map07213	Dopamine receptor agonists/antagonists								
07214	map07214	beta-Adrenergic receptor agonists/antagonists								
07215	map07215	alpha-Adrenergic receptor agonists/antagonists								
07216	map07216	Catecholamine transferase inhibitors								
07217	map07217	Renin-angiotensin system inhibitors								
07218	map07218	HIV protease inhibitors								
07219	map07219	Cyclooxygenase inhibitors								
07220	map07220	Cholinergic and anticholinergic drugs								
07221	map07221	Nicotinic cholinergic receptor antagonists								
07222	map07222	Peroxisome proliferator-activated receptor (PPAR) agonists								
07223	map07223	Retinoic acid receptor (RAR) and retinoid X receptor (RXR) agonists/antagonists								
07224	map07224	Opioid receptor agonists/antagonists								
07225	map07225	Glucocorticoid and mineralocorticoid receptor agonists/antagonists								
07226	map07226	Progesterone, androgen and estrogen receptor agonists/antagonists								
07227	map07227	Histamine H2/H3 receptor agonists/antagonists								
07228	map07228	Eicosanoid receptor agonists/antagonists								
07229	map07229	Angiotensin receptor and endothelin receptor antagonists								
07230	map07230	GABA-A receptor agonists/antagonists								
07231	map07231	Sodium channel blocking drugs								
07232	map07232	Potassium channel blocking and opening drugs								
07233	map07233	Ion transporter inhibitors								
07234	map07234	Neurotransmitter transporter inhibitors								
07235	map07235	N-Methyl-D-aspartic acid (NMDA) receptor antagonists								
		None		None		None		None		None
